-- person.sql
INSERT INTO person (id, first_name, last_name, gender, address, date_of_birth, email, person_type) 
VALUES (1, 'John', 'Doe', 'M', '123 Main St', TO_DATE('1980-01-15', 'YYYY-MM-DD'), 'john.doe@example.com', 'staff');
INSERT INTO person (id, first_name, last_name, gender, address, date_of_birth, email, person_type) 
VALUES (2, 'Jane', 'Smith', 'F', '456 Oak Ave', TO_DATE('1990-05-20', 'YYYY-MM-DD'), 'jane.smith@example.com', 'student');
INSERT INTO person (id, first_name, last_name, gender, address, date_of_birth, email, person_type) 
VALUES (3, 'David', 'Lee', 'M', '789 Elm St', TO_DATE('1975-11-10', 'YYYY-MM-DD'), 'david.lee@example.com', 'staff');
INSERT INTO person (id, first_name, last_name, gender, address, date_of_birth, email, person_type) 
VALUES (4, 'Sarah', 'Jones', 'F', '10 Elm St', TO_DATE('1995-03-08', 'YYYY-MM-DD'), 'sarah.jones@example.com', 'student');
INSERT INTO person (id, first_name, last_name, gender, address, date_of_birth, email, person_type) 
VALUES (5, 'Michael', 'Brown', 'M', '567 Pine St', TO_DATE('1985-07-25', 'YYYY-MM-DD'), 'michael.brown@example.com', 'staff');
INSERT INTO person (id, first_name, last_name, gender, address, date_of_birth, email, person_type) 
VALUES (6, 'Emily', 'Davis', 'F', '321 Maple Ave', TO_DATE('1992-11-12', 'YYYY-MM-DD'), 'emily.davis@example.com', 'staff');
INSERT INTO person (id, first_name, last_name, gender, address, date_of_birth, email, person_type) 
VALUES (7, 'James', 'Wilson', 'M', '890 Cedar Rd', TO_DATE('1978-02-18', 'YYYY-MM-DD'), 'james.wilson@example.com', 'staff');
INSERT INTO person (id, first_name, last_name, gender, address, date_of_birth, email, person_type) 
VALUES (8, 'Olivia', 'Taylor', 'F', '234 Oak Ln', TO_DATE('1998-09-21', 'YYYY-MM-DD'), 'olivia.taylor@example.com', 'student');
INSERT INTO person (id, first_name, last_name, gender, address, date_of_birth, email, person_type) 
VALUES (9, 'Daniel', 'Anderson', 'M', '678 Pine Ln', TO_DATE('1982-04-10', 'YYYY-MM-DD'), 'daniel.anderson@example.com', 'staff');
INSERT INTO person (id, first_name, last_name, gender, address, date_of_birth, email, person_type) 
VALUES (10, 'Chloe', 'Moore', 'F', '145 Maple Rd', TO_DATE('2000-06-15', 'YYYY-MM-DD'), 'chloe.moore@example.com', 'student');
INSERT INTO person (id, first_name, last_name, gender, address, date_of_birth, email, person_type) 
VALUES (11, 'Alex', 'Clark', 'M', '156 Elm St', TO_DATE('1988-11-28', 'YYYY-MM-DD'), 'alex.clark@example.com', 'staff');
INSERT INTO person (id, first_name, last_name, gender, address, date_of_birth, email, person_type) 
VALUES (12, 'Emma', 'Wright', 'F', '258 Oak Ave', TO_DATE('1997-03-10', 'YYYY-MM-DD'), 'emma.wright@example.com', 'student');
INSERT INTO person (id, first_name, last_name, gender, address, date_of_birth, email, person_type) 
VALUES (13, 'Benjamin', 'Lewis', 'M', '369 Pine St', TO_DATE('1972-08-20', 'YYYY-MM-DD'), 'benjamin.lewis@example.com', 'staff');
INSERT INTO person (id, first_name, last_name, gender, address, date_of_birth, email, person_type) 
VALUES (14, 'Sophia', 'Hall', 'F', '470 Cedar Rd', TO_DATE('2002-05-05', 'YYYY-MM-DD'), 'sophia.hall@example.com', 'student');
INSERT INTO person (id, first_name, last_name, gender, address, date_of_birth, email, person_type) 
VALUES (15, 'Jacob', 'Young', 'M', '581 Maple Ave', TO_DATE('1984-12-15', 'YYYY-MM-DD'), 'jacob.young@example.com', 'staff');
INSERT INTO person (id, first_name, last_name, gender, address, date_of_birth, email, person_type) 
VALUES (16, 'Mia', 'King', 'F', '692 Oak Ln', TO_DATE('1993-07-23', 'YYYY-MM-DD'), 'mia.king@example.com', 'student');
INSERT INTO person (id, first_name, last_name, gender, address, date_of_birth, email, person_type) 
VALUES (17, 'William', 'Martin', 'M', '703 Elm St', TO_DATE('1979-09-08', 'YYYY-MM-DD'), 'william.martin@example.com', 'staff');
INSERT INTO person (id, first_name, last_name, gender, address, date_of_birth, email, person_type) 
VALUES (18, 'Charlotte', 'Taylor', 'F', '814 Pine St', TO_DATE('2004-01-20', 'YYYY-MM-DD'), 'charlotte.taylor@example.com', 'student');
INSERT INTO person (id, first_name, last_name, gender, address, date_of_birth, email, person_type) 
VALUES (19, 'Ethan', 'Campbell', 'M', '925 Cedar Rd', TO_DATE('1986-06-03', 'YYYY-MM-DD'), 'ethan.campbell@example.com', 'staff');
INSERT INTO person (id, first_name, last_name, gender, address, date_of_birth, email, person_type) 
VALUES (20, 'Amelia', 'Evans', 'F', '1036 Maple Ave', TO_DATE('1996-04-11', 'YYYY-MM-DD'), 'amelia.evans@example.com', 'student');
INSERT INTO person (id, first_name, last_name, gender, address, date_of_birth, email, person_type) 
VALUES (21, 'Oliver', 'Scott', 'M', '1147 Oak Ln', TO_DATE('1981-10-26', 'YYYY-MM-DD'), 'oliver.scott@example.com', 'staff');
INSERT INTO person (id, first_name, last_name, gender, address, date_of_birth, email, person_type) 
VALUES (22, 'Isabella', 'Thomas', 'F', '1258 Elm St', TO_DATE('1999-02-08', 'YYYY-MM-DD'), 'isabella.thomas@example.com', 'student');
INSERT INTO person (id, first_name, last_name, gender, address, date_of_birth, email, person_type) 
VALUES (23, 'James', 'Harris', 'M', '1369 Pine St', TO_DATE('1977-07-19', 'YYYY-MM-DD'), 'james.harris@example.com', 'staff');
INSERT INTO person (id, first_name, last_name, gender, address, date_of_birth, email, person_type) 
VALUES (24, 'Ava', 'Wilson', 'F', '1480 Cedar Rd', TO_DATE('2001-05-04', 'YYYY-MM-DD'), 'ava.wilson@example.com', 'student');
INSERT INTO person (id, first_name, last_name, gender, address, date_of_birth, email, person_type) 
VALUES (25, 'Noah', 'Brown', 'M', '1591 Maple Ave', TO_DATE('1983-11-13', 'YYYY-MM-DD'), 'noah.brown@example.com', 'staff');
INSERT INTO person (id, first_name, last_name, gender, address, date_of_birth, email, person_type) 
VALUES (26, 'Sophia', 'Jones', 'F', '1702 Oak Ln', TO_DATE('1994-06-21', 'YYYY-MM-DD'), 'sophia.jones@example.com', 'student');
INSERT INTO person (id, first_name, last_name, gender, address, date_of_birth, email, person_type) 
VALUES (27, 'Elijah', 'Garcia', 'M', '1813 Elm St', TO_DATE('1980-04-06', 'YYYY-MM-DD'), 'elijah.garcia@example.com', 'staff');
INSERT INTO person (id, first_name, last_name, gender, address, date_of_birth, email, person_type) 
VALUES (28, 'Emma', 'Davis', 'F', '1924 Pine St', TO_DATE('1998-08-17', 'YYYY-MM-DD'), 'emma.davis@example.com', 'student');
INSERT INTO person (id, first_name, last_name, gender, address, date_of_birth, email, person_type) 
VALUES (29, 'Logan', 'Rodriguez', 'M', '2035 Cedar Rd', TO_DATE('1985-12-01', 'YYYY-MM-DD'), 'logan.rodriguez@example.com', 'staff');
INSERT INTO person (id, first_name, last_name, gender, address, date_of_birth, email, person_type) 
VALUES (30, 'Chloe', 'Martinez', 'F', '2146 Maple Ave', TO_DATE('1995-09-15', 'YYYY-MM-DD'), 'chloe.martinez@example.com', 'student');

-- person_phones.sql
INSERT INTO person_phones (person_id, phone) VALUES (1, '555-1234');
INSERT INTO person_phones (person_id, phone) VALUES (1, '555-5678');
INSERT INTO person_phones (person_id, phone) VALUES (2, '555-9012');
INSERT INTO person_phones (person_id, phone) VALUES (3, '555-3456');
INSERT INTO person_phones (person_id, phone) VALUES (4, '555-7890');
INSERT INTO person_phones (person_id, phone) VALUES (5, '555-4321');
INSERT INTO person_phones (person_id, phone) VALUES (6, '555-9876');
INSERT INTO person_phones (person_id, phone) VALUES (7, '555-5432');
INSERT INTO person_phones (person_id, phone) VALUES (8, '555-1011');
INSERT INTO person_phones (person_id, phone) VALUES (9, '555-1122');
INSERT INTO person_phones (person_id, phone) VALUES (10, '555-2233');
INSERT INTO person_phones (person_id, phone) VALUES (11, '555-3344');
INSERT INTO person_phones (person_id, phone) VALUES (12, '555-4455');
INSERT INTO person_phones (person_id, phone) VALUES (13, '555-5566');
INSERT INTO person_phones (person_id, phone) VALUES (14, '555-6677');
INSERT INTO person_phones (person_id, phone) VALUES (15, '555-7788');
INSERT INTO person_phones (person_id, phone) VALUES (16, '555-8899');
INSERT INTO person_phones (person_id, phone) VALUES (17, '555-9900');
INSERT INTO person_phones (person_id, phone) VALUES (18, '555-0011');
INSERT INTO person_phones (person_id, phone) VALUES (19, '555-1122');
INSERT INTO person_phones (person_id, phone) VALUES (20, '555-2233');
INSERT INTO person_phones (person_id, phone) VALUES (21, '555-3344');
INSERT INTO person_phones (person_id, phone) VALUES (22, '555-4455');
INSERT INTO person_phones (person_id, phone) VALUES (23, '555-5566');
INSERT INTO person_phones (person_id, phone) VALUES (24, '555-6677');
INSERT INTO person_phones (person_id, phone) VALUES (25, '555-7788');
INSERT INTO person_phones (person_id, phone) VALUES (26, '555-8899');
INSERT INTO person_phones (person_id, phone) VALUES (27, '555-9900');
INSERT INTO person_phones (person_id, phone) VALUES (28, '555-0011');
INSERT INTO person_phones (person_id, phone) VALUES (29, '555-1122');
INSERT INTO person_phones (person_id, phone) VALUES (30, '555-2233');

-- person_staff.sql
INSERT INTO person_staff (staff_id, salary, staff_type, hire_date) 
VALUES (1, 60000.00, '["technical"]', TO_DATE('2020-01-10', 'YYYY-MM-DD'));
INSERT INTO person_staff (staff_id, salary, staff_type, hire_date) 
VALUES (3, 75000.00, '["instructor"]', TO_DATE('2018-05-15', 'YYYY-MM-DD'));
INSERT INTO person_staff (staff_id, salary, staff_type, hire_date) 
VALUES (5, 80000.00, '["researcher"]', TO_DATE('2015-12-01', 'YYYY-MM-DD'));
INSERT INTO person_staff (staff_id, salary, staff_type, hire_date) 
VALUES (6, 90000.00, '["manager"]', TO_DATE('2012-08-10', 'YYYY-MM-DD'));
INSERT INTO person_staff (staff_id, salary, staff_type, hire_date) 
VALUES (7, 55000.00, '["other"]', TO_DATE('2021-03-20', 'YYYY-MM-DD'));
INSERT INTO person_staff (staff_id, salary, staff_type, hire_date) 
VALUES (9, 65000.00, '["technical"]', TO_DATE('2017-09-05', 'YYYY-MM-DD'));
INSERT INTO person_staff (staff_id, salary, staff_type, hire_date) 
VALUES (11, 70000.00, '["instructor","manager"]', TO_DATE('2019-02-25', 'YYYY-MM-DD'));
INSERT INTO person_staff (staff_id, salary, staff_type, hire_date) 
VALUES (13, 85000.00, '["researcher"]', TO_DATE('2014-07-10', 'YYYY-MM-DD'));
INSERT INTO person_staff (staff_id, salary, staff_type, hire_date) 
VALUES (15, 95000.00, '["manager"]', TO_DATE('2011-11-15', 'YYYY-MM-DD'));
INSERT INTO person_staff (staff_id, salary, staff_type, hire_date) 
VALUES (17, 50000.00, '["other"]', TO_DATE('2022-06-30', 'YYYY-MM-DD'));
INSERT INTO person_staff (staff_id, salary, staff_type, hire_date) 
VALUES (19, 60000.00, '["technical"]', TO_DATE('2016-04-18', 'YYYY-MM-DD'));
INSERT INTO person_staff (staff_id, salary, staff_type, hire_date) 
VALUES (21, 75000.00, '["instructor"]', TO_DATE('2018-10-10', 'YYYY-MM-DD'));
INSERT INTO person_staff (staff_id, salary, staff_type, hire_date) 
VALUES (23, 80000.00, '["researcher"]', TO_DATE('2013-03-25', 'YYYY-MM-DD'));
INSERT INTO person_staff (staff_id, salary, staff_type, hire_date) 
VALUES (25, 90000.00, '["manager"]', TO_DATE('2010-09-05', 'YYYY-MM-DD'));
INSERT INTO person_staff (staff_id, salary, staff_type, hire_date) 
VALUES (27, 55000.00, '["other"]', TO_DATE('2023-01-12', 'YYYY-MM-DD'));
INSERT INTO person_staff (staff_id, salary, staff_type, hire_date) 
VALUES (29, 65000.00, '["technical"]', TO_DATE('2015-08-28', 'YYYY-MM-DD'));

-- person_staff_technical.sql
INSERT INTO person_staff_technical (technical_id, tech_expertise) VALUES (1, 'Networking');
INSERT INTO person_staff_technical (technical_id, tech_expertise) VALUES (9, 'Lab Maintenance');
INSERT INTO person_staff_technical (technical_id, tech_expertise) VALUES (11, 'Networking');
INSERT INTO person_staff_technical (technical_id, tech_expertise) VALUES (19, 'IT Support');
INSERT INTO person_staff_technical (technical_id, tech_expertise) VALUES (29, 'IT Support');

-- person_staff_technical_certificates.sql
INSERT INTO person_staff_technical_certificates (technical_id, certificate) VALUES (1, 'Oracle Certified Professional - Java SE');
INSERT INTO person_staff_technical_certificates (technical_id, certificate) VALUES (1, 'AWS Certified Solutions Architect');
INSERT INTO person_staff_technical_certificates (technical_id, certificate) VALUES (9, 'Python Certified Associate');
INSERT INTO person_staff_technical_certificates (technical_id, certificate) VALUES (11, 'C++ Certified Professional');
INSERT INTO person_staff_technical_certificates (technical_id, certificate) VALUES (19, 'JavaScript Developer Certificate');
INSERT INTO person_staff_technical_certificates (technical_id, certificate) VALUES (29, 'Ruby on Rails Developer Certificate');

-- person_staff_instructor.sql
INSERT INTO person_staff_instructor (instructor_id, specialization) VALUES (3, 'Database Systems');
INSERT INTO person_staff_instructor (instructor_id, specialization) VALUES (11, 'Discrete Mathematics');
INSERT INTO person_staff_instructor (instructor_id, specialization) VALUES (21, 'Programming Languages');

-- person_staff_researcher.sql
INSERT INTO person_staff_researcher (researcher_id, research_field, num_publish_paper, supervisor_id) 
VALUES (5, 'Artificial Intelligence', 3, 3);
INSERT INTO person_staff_researcher (researcher_id, research_field, num_publish_paper, supervisor_id) 
VALUES (13, 'Biochemistry', 2, 3);
INSERT INTO person_staff_researcher (researcher_id, research_field, num_publish_paper, supervisor_id) 
VALUES (23, 'Computer Science', 5, 11);

-- person_staff_manager.sql
INSERT INTO person_staff_manager (manager_id, position) VALUES (6, 'Department Head');
INSERT INTO person_staff_manager (manager_id, position) VALUES (15, 'Dean');
INSERT INTO person_staff_manager (manager_id, position) VALUES (25, 'Director');

-- person_student.sql
INSERT INTO person_student (student_id, major, GPA, enrollment_year, student_type) 
VALUES (2, 'Computer Science', 3.85, 2018, 'undergraduate');
INSERT INTO person_student (student_id, major, GPA, enrollment_year, student_type) 
VALUES (4, 'Biology', 3.50, 2020, 'postgraduate');
INSERT INTO person_student (student_id, major, GPA, enrollment_year, student_type) 
VALUES (8, 'History', 3.70, 2019, 'undergraduate');
INSERT INTO person_student (student_id, major, GPA, enrollment_year, student_type) 
VALUES (10, 'Psychology', 3.20, 2021, 'postgraduate');
INSERT INTO person_student (student_id, major, GPA, enrollment_year, student_type) 
VALUES (12, 'English Literature', 3.90, 2017, 'undergraduate');
INSERT INTO person_student (student_id, major, GPA, enrollment_year, student_type) 
VALUES (14, 'Mathematics', 3.60, 2022, 'postgraduate');
INSERT INTO person_student (student_id, major, GPA, enrollment_year, student_type) 
VALUES (16, 'Sociology', 3.40, 2018, 'undergraduate');
INSERT INTO person_student (student_id, major, GPA, enrollment_year, student_type) 
VALUES (18, 'Chemistry', 3.80, 2020, 'postgraduate');
INSERT INTO person_student (student_id, major, GPA, enrollment_year, student_type) 
VALUES (20, 'Economics', 3.30, 2019, 'undergraduate');
INSERT INTO person_student (student_id, major, GPA, enrollment_year, student_type) 
VALUES (22, 'Philosophy', 3.70, 2021, 'postgraduate');
INSERT INTO person_student (student_id, major, GPA, enrollment_year, student_type) 
VALUES (24, 'Physics', 3.50, 2017, 'undergraduate');
INSERT INTO person_student (student_id, major, GPA, enrollment_year, student_type) 
VALUES (26, 'Political Science', 3.90, 2018, 'postgraduate');
INSERT INTO person_student (student_id, major, GPA, enrollment_year, student_type) 
VALUES (28, 'Art History', 3.20, 2020, 'undergraduate');
INSERT INTO person_student (student_id, major, GPA, enrollment_year, student_type) 
VALUES (30, 'Music', 3.60, 2021, 'postgraduate');

-- person_student_postgraduate.sql
INSERT INTO person_student_postgraduate (student_id, graduation_year) VALUES (4, 2023);
INSERT INTO person_student_postgraduate (student_id, graduation_year) VALUES (10, 2024);
INSERT INTO person_student_postgraduate (student_id, graduation_year) VALUES (14, 2025);
INSERT INTO person_student_postgraduate (student_id, graduation_year) VALUES (18, 2023);
INSERT INTO person_student_postgraduate (student_id, graduation_year) VALUES (22, 2024);
INSERT INTO person_student_postgraduate (student_id, graduation_year) VALUES (26, 2025);
INSERT INTO person_student_postgraduate (student_id, graduation_year) VALUES (30, 2023);

-- person_student_undergraduate.sql
INSERT INTO person_student_undergraduate (student_id, "level") VALUES (2, 'junior');
INSERT INTO person_student_undergraduate (student_id, "level") VALUES (8, 'sophomore');
INSERT INTO person_student_undergraduate (student_id, "level") VALUES (12, 'senior');
INSERT INTO person_student_undergraduate (student_id, "level") VALUES (16, 'freshman');
INSERT INTO person_student_undergraduate (student_id, "level") VALUES (20, 'junior');
INSERT INTO person_student_undergraduate (student_id, "level") VALUES (24, 'sophomore');
INSERT INTO person_student_undergraduate (student_id, "level") VALUES (28, 'senior');

-- department.sql
INSERT INTO department (department_id, department_name, building, floor_num, manager_id) 
VALUES (10, 'Computer Science', 'Main', 3, 6);
INSERT INTO department (department_id, department_name, building, floor_num, manager_id) 
VALUES (20, 'Biology', 'Science', 2, 15);
INSERT INTO department (department_id, department_name, building, floor_num, manager_id) 
VALUES (30, 'History', 'Humanities', 1, 25);

-- course.sql
INSERT INTO course (course_id, course_name, duration, credits) VALUES (101, 'Introduction to Programming', 12, 3);
INSERT INTO course (course_id, course_name, duration, credits) VALUES (102, 'Data Structures', 15, 4);
INSERT INTO course (course_id, course_name, duration, credits) VALUES (201, 'Cell Biology', 10, 3);
INSERT INTO course (course_id, course_name, duration, credits) VALUES (301, 'Modern European History', 14, 4);
INSERT INTO course (course_id, course_name, duration, credits) VALUES (401, 'Calculus I', 16, 4);
INSERT INTO course (course_id, course_name, duration, credits) VALUES (501, 'Principles of Economics', 12, 3);

-- course_prerequisite.sql
INSERT INTO course_prerequisite (course_id, prerequisite_id) VALUES (102, 101);
INSERT INTO course_prerequisite (course_id, prerequisite_id) VALUES (401, 102);

-- room.sql
INSERT INTO room (room_id, capacity, room_type, building, floor_num) VALUES (1, 50, 'Lecture Hall', 'Main', 3);
INSERT INTO room (room_id, capacity, room_type, building, floor_num) VALUES (2, 25, 'Lab', 'Science', 1);
INSERT INTO room (room_id, capacity, room_type, building, floor_num) VALUES (3, 30, 'Classroom', 'Humanities', 2);
INSERT INTO room (room_id, capacity, room_type, building, floor_num) VALUES (4, 40, 'Seminar Room', 'Main', 4);
INSERT INTO room (room_id, capacity, room_type, building, floor_num) VALUES (5, 20, 'Computer Lab', 'Science', 3);
INSERT INTO room (room_id, capacity, room_type, building, floor_num) VALUES (6, 60, 'Lecture Hall', 'Main', 2);
INSERT INTO room (room_id, capacity, room_type, building, floor_num) VALUES (7, 35, 'Classroom', 'Science', 1);
INSERT INTO room (room_id, capacity, room_type, building, floor_num) VALUES (8, 20, 'Seminar Room', 'Humanities', 3);
INSERT INTO room (room_id, capacity, room_type, building, floor_num) VALUES (9, 45, 'Lecture Hall', 'Main', 1);
INSERT INTO room (room_id, capacity, room_type, building, floor_num) VALUES (10, 25, 'Lab', 'Science', 2);
INSERT INTO room (room_id, capacity, room_type, building, floor_num) VALUES (11, 30, 'Classroom', 'Humanities', 1);
INSERT INTO room (room_id, capacity, room_type, building, floor_num) VALUES (12, 55, 'Lecture Hall', 'Main', 3);
INSERT INTO room (room_id, capacity, room_type, building, floor_num) VALUES (13, 20, 'Lab', 'Science', 3);
INSERT INTO room (room_id, capacity, room_type, building, floor_num) VALUES (14, 40, 'Seminar Room', 'Humanities', 2);
INSERT INTO room (room_id, capacity, room_type, building, floor_num) VALUES (15, 35, 'Classroom', 'Main', 1);
INSERT INTO room (room_id, capacity, room_type, building, floor_num) VALUES (16, 25, 'Lab', 'Science', 1);
INSERT INTO room (room_id, capacity, room_type, building, floor_num) VALUES (17, 50, 'Lecture Hall', 'Main', 2);
INSERT INTO room (room_id, capacity, room_type, building, floor_num) VALUES (18, 30, 'Classroom', 'Science', 2);
INSERT INTO room (room_id, capacity, room_type, building, floor_num) VALUES (19, 20, 'Seminar Room', 'Humanities', 3);
INSERT INTO room (room_id, capacity, room_type, building, floor_num) VALUES (20, 45, 'Lecture Hall', 'Main', 1);

-- exam.sql
INSERT INTO exam (exam_id, exam_datetime, team_type, max_marks, course_id) 
VALUES (1, TO_DATE('2024-12-15 10:00:00', 'YYYY-MM-DD HH24:MI:SS'), 'Final', 100, 101);
INSERT INTO exam (exam_id, exam_datetime, team_type, max_marks, course_id) 
VALUES (2, TO_DATE('2024-12-18 14:00:00', 'YYYY-MM-DD HH24:MI:SS'), 'Midterm', 75, 102);

-- instructor_course.sql
INSERT INTO instructor_course (instructor_id, course_id, instructor_course_datetime) 
VALUES (3, 101, TO_DATE('2024-11-10 09:00:00', 'YYYY-MM-DD HH24:MI:SS'));
INSERT INTO instructor_course (instructor_id, course_id, instructor_course_datetime) 
VALUES (11, 401, TO_DATE('2024-11-12 11:00:00', 'YYYY-MM-DD HH24:MI:SS'));
INSERT INTO instructor_course (instructor_id, course_id, instructor_course_datetime) 
VALUES (21, 101, TO_DATE('2024-11-15 14:00:00', 'YYYY-MM-DD HH24:MI:SS'));

-- department_student.sql
INSERT INTO department_student (student_id, department_id) VALUES (2, 10);
INSERT INTO department_student (student_id, department_id) VALUES (8, 30);
INSERT INTO department_student (student_id, department_id) VALUES (12, 30);

-- department_course.sql
INSERT INTO department_course (department_id, course_id) VALUES (10, 101);
INSERT INTO department_course (department_id, course_id) VALUES (10, 102);
INSERT INTO department_course (department_id, course_id) VALUES (20, 201);
INSERT INTO department_course (department_id, course_id) VALUES (30, 301);

-- student_course.sql
INSERT INTO student_course (student_id, course_id, grade) VALUES (2, 101, 90);
INSERT INTO student_course (student_id, course_id, grade) VALUES (8, 301, 85);
INSERT INTO student_course (student_id, course_id, grade) VALUES (12, 301, 92);

-- course_room.sql
INSERT INTO course_room (room_id, course_id, schedule_datetime) 
VALUES (1, 101, TO_DATE('2024-11-10 09:00:00', 'YYYY-MM-DD HH24:MI:SS'));
INSERT INTO course_room (room_id, course_id, schedule_datetime) 
VALUES (2, 201, TO_DATE('2024-11-10 13:00:00', 'YYYY-MM-DD HH24:MI:SS'));
INSERT INTO course_room (room_id, course_id, schedule_datetime) 
VALUES (3, 101, TO_DATE('2024-11-11 08:00:00', 'YYYY-MM-DD HH24:MI:SS'));
INSERT INTO course_room (room_id, course_id, schedule_datetime) 
VALUES (4, 102, TO_DATE('2024-11-11 11:00:00', 'YYYY-MM-DD HH24:MI:SS'));
INSERT INTO course_room (room_id, course_id, schedule_datetime) 
VALUES (5, 101, TO_DATE('2024-11-12 10:00:00', 'YYYY-MM-DD HH24:MI:SS'));
INSERT INTO course_room (room_id, course_id, schedule_datetime) 
VALUES (6, 102, TO_DATE('2024-11-12 13:00:00', 'YYYY-MM-DD HH24:MI:SS'));
INSERT INTO course_room (room_id, course_id, schedule_datetime) 
VALUES (7, 101, TO_DATE('2024-11-13 08:30:00', 'YYYY-MM-DD HH24:MI:SS'));
INSERT INTO course_room (room_id, course_id, schedule_datetime) 
VALUES (8, 102, TO_DATE('2024-11-13 11:30:00', 'YYYY-MM-DD HH24:MI:SS'));
INSERT INTO course_room (room_id, course_id, schedule_datetime) 
VALUES (9, 101, TO_DATE('2024-11-14 09:00:00', 'YYYY-MM-DD HH24:MI:SS'));
INSERT INTO course_room (room_id, course_id, schedule_datetime) 
VALUES (10, 102, TO_DATE('2024-11-14 13:00:00', 'YYYY-MM-DD HH24:MI:SS'));
INSERT INTO course_room (room_id, course_id, schedule_datetime) 
VALUES (11, 101, TO_DATE('2024-11-15 08:00:00', 'YYYY-MM-DD HH24:MI:SS'));
INSERT INTO course_room (room_id, course_id, schedule_datetime) 
VALUES (12, 102, TO_DATE('2024-11-15 11:00:00', 'YYYY-MM-DD HH24:MI:SS'));
INSERT INTO course_room (room_id, course_id, schedule_datetime) 
VALUES (13, 101, TO_DATE('2024-11-16 10:00:00', 'YYYY-MM-DD HH24:MI:SS'));
INSERT INTO course_room (room_id, course_id, schedule_datetime) 
VALUES (14, 102, TO_DATE('2024-11-16 13:00:00', 'YYYY-MM-DD HH24:MI:SS'));
INSERT INTO course_room (room_id, course_id, schedule_datetime) 
VALUES (15, 101, TO_DATE('2024-11-17 08:30:00', 'YYYY-MM-DD HH24:MI:SS'));
INSERT INTO course_room (room_id, course_id, schedule_datetime) 
VALUES (16, 102, TO_DATE('2024-11-17 11:30:00', 'YYYY-MM-DD HH24:MI:SS'));
INSERT INTO course_room (room_id, course_id, schedule_datetime) 
VALUES (17, 101, TO_DATE('2024-11-18 09:00:00', 'YYYY-MM-DD HH24:MI:SS'));
INSERT INTO course_room (room_id, course_id, schedule_datetime) 
VALUES (18, 102, TO_DATE('2024-11-18 13:00:00', 'YYYY-MM-DD HH24:MI:SS'));
INSERT INTO course_room (room_id, course_id, schedule_datetime) 
VALUES (19, 101, TO_DATE('2024-11-19 08:00:00', 'YYYY-MM-DD HH24:MI:SS'));
INSERT INTO course_room (room_id, course_id, schedule_datetime) 
VALUES (20, 102, TO_DATE('2024-11-19 11:00:00', 'YYYY-MM-DD HH24:MI:SS')); 

COMMIT;

-- student must have completed courses



select * from course