1,101,2024-11-10 09:00:00
2,201,2024-11-10 13:00:00
3,101,2024-11-11 08:00:00
4,102,2024-11-11 11:00:00
5,101,2024-11-12 10:00:00
6,102,2024-11-12 13:00:00
7,101,2024-11-13 08:30:00
8,102,2024-11-13 11:30:00
9,101,2024-11-14 09:00:00
10,102,2024-11-14 13:00:00
11,101,2024-11-15 08:00:00
12,102,2024-11-15 11:00:00
13,101,2024-11-16 10:00:00
14,102,2024-11-16 13:00:00
15,101,2024-11-17 08:30:00
16,102,2024-11-17 11:30:00
17,101,2024-11-18 09:00:00
18,102,2024-11-18 13:00:00
19,101,2024-11-19 08:00:00
20,102,2024-11-19 11:00:00 